id,type,actor,action_code,dem_policy,version,description,perform_activity,reaction_id,created_by,created,modified,language,title
833,nudge,DATACULTR,SDP833,1562,2,Test Automation CB Description_7059,"{'type': 'nudge', 'action': 'OC'}",,DATACULTR,2024-06-14T00:00:38.859094,2024-06-14T00:00:38.859106,en,Test Automation Nudges_CB_2090
832,nudge,DATACULTR,SDP832,1561,2,Test Automation CB Description_3027,"{'type': 'nudge', 'action': 'OC'}",,DATACULTR,2024-06-14T00:00:36.070953,2024-06-14T00:00:36.070969,en,Test Automation Nudges_CB_7321
831,nudge,DATACULTR,SDP831,1560,2,Test Automation_Nudges_AB_Description_2,"{'type': 'nudge', 'action': 'AB', 'pkg': ['com.google.android.youtube']}",,DATACULTR,2024-06-14T00:00:33.299082,2024-06-14T00:00:33.299095,en,Test Automation Nudges_AB_382
830,nudge,DATACULTR,SDP830,1559,2,Test Automation_Nudges_AB_Description_1,"{'type': 'nudge', 'action': 'AB', 'pkg': ['com.google.android.youtube']}",,DATACULTR,2024-06-14T00:00:30.503584,2024-06-14T00:00:30.503603,en,Test Automation Nudges_AB_000
829,nudge,DATACULTR,SDP829,1558,2,Test Automation_Nudges_LW_Description_2,"{'type': 'nudge', 'action': 'LW', 'url': 'https://cdn.wrtual.in/mihi/HCPH_WALLPAPER.png'}",,DATACULTR,2024-06-14T00:00:26.640940,2024-06-14T00:00:26.640952,en,Test Automation Nudges_LW_333
828,nudge,DATACULTR,SDP828,1557,2,Test Automation CB Description_4270,"{'type': 'nudge', 'action': 'OC'}",,DATACULTR,2024-06-13T00:00:43.035006,2024-06-13T00:00:43.035018,en,Test Automation Nudges_CB_9953
827,nudge,DATACULTR,SDP827,1556,2,Test Automation CB Description_2472,"{'type': 'nudge', 'action': 'OC'}",,DATACULTR,2024-06-13T00:00:40.428731,2024-06-13T00:00:40.428744,en,Test Automation Nudges_CB_6932
826,nudge,DATACULTR,SDP826,1555,2,Test Automation_Nudges_AB_Description_1,"{'type': 'nudge', 'action': 'AB', 'pkg': ['com.google.android.youtube']}",,DATACULTR,2024-06-13T00:00:34.657482,2024-06-13T00:00:34.657495,en,Test Automation Nudges_AB_671
825,nudge,DATACULTR,SDP825,1554,2,Test Automation_Nudges_LW_Description_2,"{'type': 'nudge', 'action': 'LW', 'url': 'https://cdn.wrtual.in/mihi/HCPH_WALLPAPER.png'}",,DATACULTR,2024-06-13T00:00:31.599425,2024-06-13T00:00:31.599439,en,Test Automation Nudges_LW_768
824,nudge,DATACULTR,SDP824,1553,2,Test Automation_Nudges_LW_Description_1,"{'type': 'nudge', 'action': 'LW', 'url': 'https://cdn.wrtual.in/mihi/HCPH_WALLPAPER.png'}",,DATACULTR,2024-06-13T00:00:28.603148,2024-06-13T00:00:28.603162,en,Test Automation Nudges_LW_291
823,nudge,DATACULTR,SDP823,1550,2,Test CB 6,"{'type': 'nudge', 'action': 'OC'}",,DATACULTR,2024-06-10T09:39:17.930982,2024-06-10T09:39:17.930993,en,Test CB 6
822,nudge,DATACULTR,SDP822,1549,2,Test AB 6,"{'type': 'nudge', 'action': 'AB', 'pkg': ['youtube.apk', 'chrome.apk']}",,DATACULTR,2024-06-10T09:39:16.379439,2024-06-10T09:39:16.379451,en,Test AB 6
821,nudge,DATACULTR,SDP821,1548,2,Test LWB Nudge 6,"{'type': 'nudge', 'action': 'LW', 'url': 'https://www.datacultr.com/'}",,DATACULTR,2024-06-10T09:39:14.795114,2024-06-10T09:39:14.795126,en,Test LWB Nudge 6
820,nudge,DATACULTR,SDP820,1547,2,Test CB 5,"{'type': 'nudge', 'action': 'OC'}",,DATACULTR,2024-06-10T07:23:50.839845,2024-06-10T07:23:50.839858,en,Test CB 5
819,nudge,DATACULTR,SDP819,1546,2,Test AB 5,"{'type': 'nudge', 'action': 'AB', 'pkg': ['youtube.apk', 'chrome.apk']}",,DATACULTR,2024-06-10T07:23:49.283757,2024-06-10T07:23:49.283768,en,Test AB 5
818,nudge,DATACULTR,SDP818,1545,2,Test LWB Nudge 5,"{'type': 'nudge', 'action': 'LW', 'url': 'https://www.datacultr.com/'}",,DATACULTR,2024-06-10T07:23:47.774575,2024-06-10T07:23:47.774587,en,Test LWB Nudge 5
817,nudge,DATACULTR,SDP817,1544,2,Test CB 4,"{'type': 'nudge', 'action': 'OC'}",,DATACULTR,2024-06-10T07:22:30.542150,2024-06-10T07:22:30.542161,en,Test CB 4
816,nudge,DATACULTR,SDP816,1543,2,Test AB 4,"{'type': 'nudge', 'action': 'AB', 'pkg': ['youtube.apk', 'chrome.apk']}",,DATACULTR,2024-06-10T07:22:28.522731,2024-06-10T07:22:28.522743,en,Test AB 4
815,nudge,DATACULTR,SDP815,1542,2,Test LWB Nudge 4,"{'type': 'nudge', 'action': 'LW', 'url': 'https://www.datacultr.com/'}",,DATACULTR,2024-06-10T07:22:26.800250,2024-06-10T07:22:26.800262,en,Test LWB Nudge 4
814,nudge,DATACULTR,SDP814,1541,2,Test CB 3,"{'type': 'nudge', 'action': 'OC'}",,DATACULTR,2024-06-10T07:15:06.822343,2024-06-10T07:15:06.822355,en,Test CB 3
813,nudge,DATACULTR,SDP813,1540,2,Test AB 3,"{'type': 'nudge', 'action': 'AB', 'pkg': ['youtube.apk', 'chrome.apk']}",,DATACULTR,2024-06-10T07:15:04.839237,2024-06-10T07:15:04.839249,en,Test AB 3
812,nudge,DATACULTR,SDP812,1539,2,Test LWB Nudge 2,"{'type': 'nudge', 'action': 'LW', 'url': 'https://www.datacultr.com/'}",,DATACULTR,2024-06-10T07:15:02.527922,2024-06-10T07:15:02.527934,en,Test LWB Nudge 3
811,nudge,DATACULTR,SDP811,1538,2,Test CB 2,"{'type': 'nudge', 'action': 'OC'}",,DATACULTR,2024-06-10T04:57:49.225201,2024-06-10T04:57:49.225217,en,Test CB 2
810,nudge,DATACULTR,SDP810,1537,2,Test AB 2,"{'type': 'nudge', 'action': 'AB', 'pkg': ['youtube.apk', 'chrome.apk']}",,DATACULTR,2024-06-10T04:57:47.444048,2024-06-10T04:57:47.444069,en,Test AB 2
809,nudge,DATACULTR,SDP809,1536,2,Test LWB Nudge 2,"{'type': 'nudge', 'action': 'LW', 'url': 'https://www.test.com/'}",,DATACULTR,2024-06-10T04:57:44.657610,2024-06-10T04:57:44.657625,en,Test LWB Nudge 2
808,nudge,DATACULTR,SDP808,1535,2,Test CB 1,"{'type': 'nudge', 'action': 'OC'}",,DATACULTR,2024-06-07T11:21:46.553537,2024-06-07T11:21:46.553550,en,Test CB 1
807,nudge,DATACULTR,SDP807,1534,2,Test AB 1,"{'type': 'nudge', 'action': 'AB', 'pkg': ['youtube.apk', 'chrome.apk']}",,DATACULTR,2024-06-07T11:21:44.946984,2024-06-07T11:21:44.946996,en,Test AB 1
806,nudge,DATACULTR,SDP806,1533,2,Test LWB Nudge 1,"{'type': 'nudge', 'action': 'LW', 'url': 'https://www.test.com/'}",,DATACULTR,2024-06-07T11:21:43.504540,2024-06-07T11:21:43.504551,en,Test LWB Nudge 1
805,nudge,DATACULTR,SDP805,1532,2,Test CB,"{'type': 'nudge', 'action': 'OC'}",,DATACULTR,2024-06-07T10:00:11.941602,2024-06-07T10:00:11.941615,en,Test CB
804,nudge,DATACULTR,SDP804,1531,2,Test AB,"{'type': 'nudge', 'action': 'AB', 'pkg': ['youtube.apk', 'chrome.apk']}",,DATACULTR,2024-06-07T09:59:40.068171,2024-06-07T09:59:40.068183,en,Test AB
803,nudge,DATACULTR,SDP803,1530,2,Test LWB Nudge,"{'type': 'nudge', 'action': 'LW', 'url': 'https://www.datacultr.com/'}",,DATACULTR,2024-06-07T09:58:34.257132,2024-06-07T09:58:34.257144,en,Test LWB Nudge
799,nudge,DATACULTR,SDP799,1526,2,Test Automation CB Description_5649,"{'type': 'nudge', 'action': 'OC'}",,DATACULTR,2024-05-28T00:00:35.041192,2024-05-28T00:00:35.041204,en,Test Automation Nudges_CB_9163
798,nudge,DATACULTR,SDP798,1525,2,Test Automation CB Description_4316,"{'type': 'nudge', 'action': 'OC'}",,DATACULTR,2024-05-28T00:00:33.542259,2024-05-28T00:00:33.542272,en,Test Automation Nudges_CB_4940
797,nudge,DATACULTR,SDP797,1524,2,Test Automation_Nudges_AB_Description_2,"{'type': 'nudge', 'action': 'AB', 'pkg': ['com.google.android.youtube']}",,DATACULTR,2024-05-28T00:00:31.849997,2024-05-28T00:00:31.850009,en,Test Automation Nudges_AB_020
796,nudge,DATACULTR,SDP796,1523,2,Test Automation_Nudges_LW_Description_2,"{'type': 'nudge', 'action': 'LW', 'url': 'https://cdn.wrtual.in/mihi/HCPH_WALLPAPER.png'}",,DATACULTR,2024-05-28T00:00:28.235800,2024-05-28T00:00:28.235814,en,Test Automation Nudges_LW_879
795,nudge,DATACULTR,SDP795,1522,2,Test Automation_Nudges_LW_Description_1,"{'type': 'nudge', 'action': 'LW', 'url': 'https://cdn.wrtual.in/mihi/HCPH_WALLPAPER.png'}",,DATACULTR,2024-05-28T00:00:26.344699,2024-05-28T00:00:26.344714,en,Test Automation Nudges_LW_147
784,nudge,DATACULTR,SDP784,1510,2,Test Automation CB Description_7775,"{'type': 'nudge', 'action': 'OC'}",,DATACULTR,2024-05-24T00:00:41.088695,2024-05-24T00:00:41.088707,en,Test Automation Nudges_CB_1244
783,nudge,DATACULTR,SDP783,1509,2,Test Automation CB Description_2585,"{'type': 'nudge', 'action': 'OC'}",,DATACULTR,2024-05-24T00:00:38.780189,2024-05-24T00:00:38.780201,en,Test Automation Nudges_CB_4654
782,nudge,DATACULTR,SDP782,1508,2,Test Automation_Nudges_AB_Description_2,"{'type': 'nudge', 'action': 'AB', 'pkg': ['com.google.android.youtube']}",,DATACULTR,2024-05-24T00:00:37.194724,2024-05-24T00:00:37.194735,en,Test Automation Nudges_AB_570
781,nudge,DATACULTR,SDP781,1507,2,Test Automation_Nudges_LW_Description_2,"{'type': 'nudge', 'action': 'LW', 'url': 'https://cdn.wrtual.in/mihi/HCPH_WALLPAPER.png'}",,DATACULTR,2024-05-24T00:00:32.579775,2024-05-24T00:00:32.579787,en,Test Automation Nudges_LW_761
780,nudge,DATACULTR,SDP780,1506,2,Test Automation_Nudges_LW_Description_1,"{'type': 'nudge', 'action': 'LW', 'url': 'https://cdn.wrtual.in/mihi/HCPH_WALLPAPER.png'}",,DATACULTR,2024-05-24T00:00:29.161517,2024-05-24T00:00:29.161529,en,Test Automation Nudges_LW_929
779,nudge,DATACULTR,SDP779,1505,2,Your payment is remain for Mobile.,"{'type': 'nudge', 'action': 'LW', 'url': 'https://cdn.wrtual.in/mihi/datacultr_Wallpaper.png'}",,SID_DC,2024-05-22T09:24:51.885396,2024-05-22T09:24:51.885407,en,LW for Mobile
778,nudge,DATACULTR,SDP778,1504,2,Test Automation CB Description_3226,"{'type': 'nudge', 'action': 'OC'}",,DATACULTR,2024-05-22T00:00:42.846894,2024-05-22T00:00:42.846906,en,Test Automation Nudges_CB_2272
777,nudge,DATACULTR,SDP777,1503,2,Test Automation CB Description_1078,"{'type': 'nudge', 'action': 'OC'}",,DATACULTR,2024-05-22T00:00:39.970431,2024-05-22T00:00:39.970441,en,Test Automation Nudges_CB_9474
776,nudge,DATACULTR,SDP776,1502,2,Test Automation_Nudges_AB_Description_2,"{'type': 'nudge', 'action': 'AB', 'pkg': ['com.google.android.youtube']}",,DATACULTR,2024-05-22T00:00:37.329378,2024-05-22T00:00:37.329390,en,Test Automation Nudges_AB_530
775,nudge,DATACULTR,SDP775,1501,2,Test Automation_Nudges_AB_Description_1,"{'type': 'nudge', 'action': 'AB', 'pkg': ['com.google.android.youtube']}",,DATACULTR,2024-05-22T00:00:34.790035,2024-05-22T00:00:34.790047,en,Test Automation Nudges_AB_289
774,nudge,DATACULTR,SDP774,1500,2,Test Automation CB Description_0546,"{'type': 'nudge', 'action': 'OC'}",,DATACULTR,2024-05-21T00:00:45.901802,2024-05-21T00:00:45.901814,en,Test Automation Nudges_CB_0142
773,nudge,DATACULTR,SDP773,1499,2,Test Automation_Nudges_AB_Description_2,"{'type': 'nudge', 'action': 'AB', 'pkg': ['com.google.android.youtube']}",,DATACULTR,2024-05-21T00:00:43.823931,2024-05-21T00:00:43.823943,en,Test Automation Nudges_AB_711
772,nudge,DATACULTR,SDP772,1498,2,Test Automation_Nudges_AB_Description_1,"{'type': 'nudge', 'action': 'AB', 'pkg': ['com.google.android.youtube']}",,DATACULTR,2024-05-21T00:00:41.610940,2024-05-21T00:00:41.610951,en,Test Automation Nudges_AB_664
771,nudge,DATACULTR,SDP771,1497,2,Test Automation_Nudges_LW_Description_2,"{'type': 'nudge', 'action': 'LW', 'url': 'https://cdn.wrtual.in/mihi/HCPH_WALLPAPER.png'}",,DATACULTR,2024-05-21T00:00:39.384829,2024-05-21T00:00:39.384841,en,Test Automation Nudges_LW_091
770,nudge,DATACULTR,SDP770,1496,2,Test Automation_Nudges_LW_Description_1,"{'type': 'nudge', 'action': 'LW', 'url': 'https://cdn.wrtual.in/mihi/HCPH_WALLPAPER.png'}",,DATACULTR,2024-05-21T00:00:36.024542,2024-05-21T00:00:36.024554,en,Test Automation Nudges_LW_250
769,nudge,DATACULTR,SDP769,1495,2,Test Automation_Nudges_AB_Description_1,"{'type': 'nudge', 'action': 'AB', 'pkg': ['com.google.android.youtube']}",,DATACULTR,2024-05-10T06:38:13.048249,2024-05-10T06:38:13.048259,en,Test Automation Nudges_AB_759
768,nudge,DATACULTR,SDP768,1494,2,Test Automation_Nudges_AB_Description_1,"{'type': 'nudge', 'action': 'AB', 'pkg': ['com.google.android.youtube']}",,DATACULTR,2024-05-10T06:36:56.784784,2024-05-10T06:36:56.784796,en,Test Automation Nudges_AB_097
767,nudge,DATACULTR,SDP767,1493,2,Test Automation_Nudges_AB_Description_1,"{'type': 'nudge', 'action': 'AB', 'pkg': ['com.google.android.youtube']}",,DATACULTR,2024-05-10T04:45:21.375928,2024-05-10T04:45:21.375941,en,Test Automation Nudges_AB_498
766,nudge,DATACULTR,SDP766,1490,2,Test Automation_Nudges_AB_Description_1,"{'type': 'nudge', 'action': 'AB', 'pkg': ['com.google.android.youtube']}",,DATACULTR,2024-05-09T11:03:59.722945,2024-05-09T11:03:59.722955,en,Test Automation Nudges_AB_218
765,nudge,DATACULTR,SDP765,1489,2,Test Automation_Nudges_AB_Description_1,"{'type': 'nudge', 'action': 'AB', 'pkg': ['com.google.android.youtube']}",,DATACULTR,2024-05-09T10:54:53.671644,2024-05-09T10:54:53.671655,en,Test Automation Nudges_AB_255
764,nudge,DATACULTR,SDP764,1488,2,Test Automation_Nudges_AB_Description_1,"{'type': 'nudge', 'action': 'AB', 'pkg': ['com.google.android.youtube']}",,DATACULTR,2024-05-09T10:52:03.590163,2024-05-09T10:52:03.590174,en,Test Automation Nudges_AB_355
763,nudge,DATACULTR,SDP763,1487,2,Test Automation_Nudges_AB_Description_1,"{'type': 'nudge', 'action': 'AB', 'pkg': ['com.google.android.youtube']}",,DATACULTR,2024-05-09T10:43:13.702854,2024-05-09T10:43:13.702866,en,Test Automation Nudges_AB_161
762,nudge,DATACULTR,SDP762,1486,2,Test Automation_Nudges_AB_Description_1,"{'type': 'nudge', 'action': 'AB', 'pkg': ['com.google.android.youtube']}",,DATACULTR,2024-05-09T09:52:56.473477,2024-05-09T09:52:56.473489,en,Test Automation Nudges_AB_733
761,nudge,DATACULTR,SDP761,1485,2,Test Automation_Nudges_AB_Description_1,"{'type': 'nudge', 'action': 'AB', 'pkg': ['com.google.android.youtube']}",,DATACULTR,2024-05-09T09:48:55.983779,2024-05-09T09:48:55.983790,en,Test Automation Nudges_AB_057
760,nudge,DATACULTR,SDP760,1484,2,Test Automation CB Description_3460,"{'type': 'nudge', 'action': 'OC'}",,DATACULTR,2024-05-09T00:01:12.520522,2024-05-09T00:01:12.520533,en,Test Automation Nudges_CB_0048
759,nudge,DATACULTR,SDP759,1483,2,Test Automation CB Description_6851,"{'type': 'nudge', 'action': 'OC'}",,DATACULTR,2024-05-09T00:01:08.822318,2024-05-09T00:01:08.822329,en,Test Automation Nudges_CB_5809
758,nudge,DATACULTR,SDP758,1482,2,Test Automation_Nudges_AB_Description_2,"{'type': 'nudge', 'action': 'AB', 'pkg': ['com.google.android.youtube']}",,DATACULTR,2024-05-09T00:01:04.732446,2024-05-09T00:01:04.732457,en,Test Automation Nudges_AB_742
757,nudge,DATACULTR,SDP757,1481,2,Test Automation_Nudges_AB_Description_1,"{'type': 'nudge', 'action': 'AB', 'pkg': ['com.google.android.youtube']}",,DATACULTR,2024-05-09T00:01:00.984021,2024-05-09T00:01:00.984034,en,Test Automation Nudges_AB_812
756,nudge,DATACULTR,SDP756,1480,2,Test Automation_Nudges_LW_Description_2,"{'type': 'nudge', 'action': 'LW', 'url': 'https://cdn.wrtual.in/mihi/HCPH_WALLPAPER.png'}",,DATACULTR,2024-05-09T00:00:57.032944,2024-05-09T00:00:57.032956,en,Test Automation Nudges_LW_588
749,nudge,DATACULTR,SDP749,1473,2,Test Automation CB Description_9567,"{'type': 'nudge', 'action': 'OC'}",,DATACULTR,2024-04-29T10:10:02.627749,2024-04-29T10:10:02.627761,en,Test Automation Nudges_CB_6123
748,nudge,DATACULTR,SDP748,1472,2,Test Automation_Nudges_AB_Description_2,"{'type': 'nudge', 'action': 'AB', 'pkg': ['com.google.android.youtube']}",,DATACULTR,2024-04-29T10:09:59.199941,2024-04-29T10:09:59.199954,en,Test Automation Nudges_AB_984
747,nudge,DATACULTR,SDP747,1471,2,Test Automation_Nudges_AB_Description_1,"{'type': 'nudge', 'action': 'AB', 'pkg': ['com.google.android.youtube']}",,DATACULTR,2024-04-29T10:09:56.924763,2024-04-29T10:09:56.924773,en,Test Automation Nudges_AB_326
746,nudge,DATACULTR,SDP746,1470,2,Test Automation_Nudges_LW_Description_2,"{'type': 'nudge', 'action': 'LW', 'url': 'https://cdn.wrtual.in/mihi/HCPH_WALLPAPER.png'}",,DATACULTR,2024-04-29T10:09:54.058408,2024-04-29T10:09:54.058420,en,Test Automation Nudges_LW_337
745,nudge,DATACULTR,SDP745,1469,2,Test Automation_Nudges_LW_Description_1,"{'type': 'nudge', 'action': 'LW', 'url': 'https://cdn.wrtual.in/mihi/HCPH_WALLPAPER.png'}",,DATACULTR,2024-04-29T10:09:47.251235,2024-04-29T10:09:47.251247,en,Test Automation Nudges_LW_546
744,nudge,DATACULTR,SDP744,1468,2,Test Automation CB Description_6146,"{'type': 'nudge', 'action': 'OC'}",,DATACULTR,2024-04-29T09:59:25.771538,2024-04-29T09:59:25.771550,en,Test Automation Nudges_CB_7688
743,nudge,DATACULTR,SDP743,1467,2,Test Automation_Nudges_AB_Description_2,"{'type': 'nudge', 'action': 'AB', 'pkg': ['com.google.android.youtube']}",,DATACULTR,2024-04-29T09:59:22.705787,2024-04-29T09:59:22.705799,en,Test Automation Nudges_AB_925
742,nudge,DATACULTR,SDP742,1466,2,Test Automation_Nudges_AB_Description_1,"{'type': 'nudge', 'action': 'AB', 'pkg': ['com.google.android.youtube']}",,DATACULTR,2024-04-29T09:59:19.559710,2024-04-29T09:59:19.559723,en,Test Automation Nudges_AB_315
741,nudge,DATACULTR,SDP741,1465,2,Test Automation_Nudges_LW_Description_2,"{'type': 'nudge', 'action': 'LW', 'url': 'https://cdn.wrtual.in/mihi/HCPH_WALLPAPER.png'}",,DATACULTR,2024-04-29T09:59:14.871679,2024-04-29T09:59:14.871691,en,Test Automation Nudges_LW_351
740,nudge,DATACULTR,SDP740,1464,2,Test Automation_Nudges_LW_Description_1,"{'type': 'nudge', 'action': 'LW', 'url': 'https://cdn.wrtual.in/mihi/HCPH_WALLPAPER.png'}",,DATACULTR,2024-04-29T09:59:10.111793,2024-04-29T09:59:10.111804,en,Test Automation Nudges_LW_934
721,nudge,DATACULTR,SDP721,1445,2,Test Automation CB Description_9703,"{'type': 'nudge', 'action': 'OC'}",,DATACULTR,2024-04-29T04:47:11.432764,2024-04-29T04:47:11.432776,en,Test Automation Nudges_CB_0039
720,nudge,DATACULTR,SDP720,1444,2,Test Automation_Nudges_AB_Description_2,"{'type': 'nudge', 'action': 'AB', 'pkg': ['com.google.android.youtube']}",,DATACULTR,2024-04-29T04:47:08.715345,2024-04-29T04:47:08.715356,en,Test Automation Nudges_AB_021
719,nudge,DATACULTR,SDP719,1443,2,Test Automation_Nudges_AB_Description_1,"{'type': 'nudge', 'action': 'AB', 'pkg': ['com.google.android.youtube']}",,DATACULTR,2024-04-29T04:47:05.503035,2024-04-29T04:47:05.503045,en,Test Automation Nudges_AB_386
718,nudge,DATACULTR,SDP718,1442,2,Test Automation_Nudges_LW_Description_2,"{'type': 'nudge', 'action': 'LW', 'url': 'https://cdn.wrtual.in/mihi/HCPH_WALLPAPER.png'}",,DATACULTR,2024-04-29T04:47:02.729623,2024-04-29T04:47:02.729633,en,Test Automation Nudges_LW_723
717,nudge,DATACULTR,SDP717,1441,2,Test Automation_Nudges_LW_Description_1,"{'type': 'nudge', 'action': 'LW', 'url': 'https://cdn.wrtual.in/mihi/HCPH_WALLPAPER.png'}",,DATACULTR,2024-04-29T04:46:59.955526,2024-04-29T04:46:59.955538,en,Test Automation Nudges_LW_689
716,nudge,DATACULTR,SDP716,1440,2,Test Automation CB Description_1035,"{'type': 'nudge', 'action': 'OC'}",,DATACULTR,2024-04-29T00:00:43.570609,2024-04-29T00:00:43.570621,en,Test Automation Nudges_CB_0077
715,nudge,DATACULTR,SDP715,1439,2,Test Automation_Nudges_AB_Description_2,"{'type': 'nudge', 'action': 'AB', 'pkg': ['com.google.android.youtube']}",,DATACULTR,2024-04-29T00:00:41.172254,2024-04-29T00:00:41.172265,en,Test Automation Nudges_AB_804
714,nudge,DATACULTR,SDP714,1438,2,Test Automation_Nudges_AB_Description_1,"{'type': 'nudge', 'action': 'AB', 'pkg': ['com.google.android.youtube']}",,DATACULTR,2024-04-29T00:00:38.299940,2024-04-29T00:00:38.299952,en,Test Automation Nudges_AB_751
713,nudge,DATACULTR,SDP713,1437,2,Test Automation_Nudges_LW_Description_2,"{'type': 'nudge', 'action': 'LW', 'url': 'https://cdn.wrtual.in/mihi/HCPH_WALLPAPER.png'}",,DATACULTR,2024-04-29T00:00:36.142932,2024-04-29T00:00:36.142944,en,Test Automation Nudges_LW_493
712,nudge,DATACULTR,SDP712,1436,2,Test Automation_Nudges_LW_Description_1,"{'type': 'nudge', 'action': 'LW', 'url': 'https://cdn.wrtual.in/mihi/HCPH_WALLPAPER.png'}",,DATACULTR,2024-04-29T00:00:32.761566,2024-04-29T00:00:32.761578,en,Test Automation Nudges_LW_310
711,nudge,DATACULTR,SDP711,1435,2,Test Automation CB Description_7711,"{'type': 'nudge', 'action': 'OC'}",,DATACULTR,2024-04-28T00:00:49.171168,2024-04-28T00:00:49.171179,en,Test Automation Nudges_CB_2110
710,nudge,DATACULTR,SDP710,1434,2,Test Automation_Nudges_AB_Description_2,"{'type': 'nudge', 'action': 'AB', 'pkg': ['com.google.android.youtube']}",,DATACULTR,2024-04-28T00:00:46.087866,2024-04-28T00:00:46.087877,en,Test Automation Nudges_AB_366
709,nudge,DATACULTR,SDP709,1433,2,Test Automation_Nudges_AB_Description_1,"{'type': 'nudge', 'action': 'AB', 'pkg': ['com.google.android.youtube']}",,DATACULTR,2024-04-28T00:00:43.157108,2024-04-28T00:00:43.157119,en,Test Automation Nudges_AB_623
708,nudge,DATACULTR,SDP708,1432,2,Test Automation_Nudges_LW_Description_2,"{'type': 'nudge', 'action': 'LW', 'url': 'https://cdn.wrtual.in/mihi/HCPH_WALLPAPER.png'}",,DATACULTR,2024-04-28T00:00:39.419496,2024-04-28T00:00:39.419507,en,Test Automation Nudges_LW_805
707,nudge,DATACULTR,SDP707,1431,2,Test Automation_Nudges_LW_Description_1,"{'type': 'nudge', 'action': 'LW', 'url': 'https://cdn.wrtual.in/mihi/HCPH_WALLPAPER.png'}",,DATACULTR,2024-04-28T00:00:35.463201,2024-04-28T00:00:35.463213,en,Test Automation Nudges_LW_708
706,nudge,DATACULTR,SDP706,1430,2,Test Automation CB Description_2868,"{'type': 'nudge', 'action': 'OC'}",,DATACULTR,2024-04-26T11:33:12.710726,2024-04-26T11:33:12.710737,en,Test Automation Nudges_CB_6358
705,nudge,DATACULTR,SDP705,1429,2,Test Automation_Nudges_AB_Description_2,"{'type': 'nudge', 'action': 'AB', 'pkg': ['com.google.android.youtube']}",,DATACULTR,2024-04-26T11:33:10.660638,2024-04-26T11:33:10.660648,en,Test Automation Nudges_AB_503
704,nudge,DATACULTR,SDP704,1428,2,Test Automation_Nudges_AB_Description_1,"{'type': 'nudge', 'action': 'AB', 'pkg': ['com.google.android.youtube']}",,DATACULTR,2024-04-26T11:33:06.720237,2024-04-26T11:33:06.720250,en,Test Automation Nudges_AB_093
703,nudge,DATACULTR,SDP703,1427,2,Test Automation_Nudges_LW_Description_2,"{'type': 'nudge', 'action': 'LW', 'url': 'https://cdn.wrtual.in/mihi/HCPH_WALLPAPER.png'}",,DATACULTR,2024-04-26T11:33:02.607508,2024-04-26T11:33:02.607522,en,Test Automation Nudges_LW_292
702,nudge,DATACULTR,SDP702,1426,2,Test Automation_Nudges_LW_Description_1,"{'type': 'nudge', 'action': 'LW', 'url': 'https://cdn.wrtual.in/mihi/HCPH_WALLPAPER.png'}",,DATACULTR,2024-04-26T11:32:59.251474,2024-04-26T11:32:59.251485,en,Test Automation Nudges_LW_671
701,nudge,DATACULTR,SDP701,1425,2,Test Automation CB Description_1298,"{'type': 'nudge', 'action': 'OC'}",,DATACULTR,2024-04-26T10:17:28.637495,2024-04-26T10:17:28.637507,en,Test Automation Nudges_CB_4433
700,nudge,DATACULTR,SDP700,1424,2,Test Automation_Nudges_AB_Description_2,"{'type': 'nudge', 'action': 'AB', 'pkg': ['com.google.android.youtube']}",,DATACULTR,2024-04-26T10:17:25.996194,2024-04-26T10:17:25.996205,en,Test Automation Nudges_AB_367
699,nudge,DATACULTR,SDP699,1423,2,Test Automation_Nudges_AB_Description_1,"{'type': 'nudge', 'action': 'AB', 'pkg': ['com.google.android.youtube']}",,DATACULTR,2024-04-26T10:17:22.323412,2024-04-26T10:17:22.323425,en,Test Automation Nudges_AB_993
698,nudge,DATACULTR,SDP698,1422,2,Test Automation_Nudges_LW_Description_2,"{'type': 'nudge', 'action': 'LW', 'url': 'https://cdn.wrtual.in/mihi/HCPH_WALLPAPER.png'}",,DATACULTR,2024-04-26T10:17:18.768818,2024-04-26T10:17:18.768830,en,Test Automation Nudges_LW_167
697,nudge,DATACULTR,SDP697,1421,2,Test Automation_Nudges_LW_Description_1,"{'type': 'nudge', 'action': 'LW', 'url': 'https://cdn.wrtual.in/mihi/HCPH_WALLPAPER.png'}",,DATACULTR,2024-04-26T10:17:16.051663,2024-04-26T10:17:16.051676,en,Test Automation Nudges_LW_882
696,nudge,DATACULTR,SDP696,1420,2,Test Automation CB Description_8569,"{'type': 'nudge', 'action': 'OC'}",,DATACULTR,2024-04-26T05:53:20.444377,2024-04-26T05:53:20.444389,en,Test Automation Nudges_CB_3272
695,nudge,DATACULTR,SDP695,1419,2,Test Automation_Nudges_AB_Description_2,"{'type': 'nudge', 'action': 'AB', 'pkg': ['com.google.android.youtube']}",,DATACULTR,2024-04-26T05:53:16.185060,2024-04-26T05:53:16.185071,en,Test Automation Nudges_AB_595
694,nudge,DATACULTR,SDP694,1418,2,Test Automation_Nudges_AB_Description_1,"{'type': 'nudge', 'action': 'AB', 'pkg': ['com.google.android.youtube']}",,DATACULTR,2024-04-26T05:53:13.863077,2024-04-26T05:53:13.863088,en,Test Automation Nudges_AB_354
693,nudge,DATACULTR,SDP693,1417,2,Test Automation_Nudges_LW_Description_2,"{'type': 'nudge', 'action': 'LW', 'url': 'https://cdn.wrtual.in/mihi/HCPH_WALLPAPER.png'}",,DATACULTR,2024-04-26T05:53:10.668385,2024-04-26T05:53:10.668398,en,Test Automation Nudges_LW_248
692,nudge,DATACULTR,SDP692,1416,2,Test Automation_Nudges_LW_Description_1,"{'type': 'nudge', 'action': 'LW', 'url': 'https://cdn.wrtual.in/mihi/HCPH_WALLPAPER.png'}",,DATACULTR,2024-04-26T05:53:07.073442,2024-04-26T05:53:07.073453,en,Test Automation Nudges_LW_313
691,nudge,DATACULTR,SDP691,1415,2,Test Automation CB Description_5515,"{'type': 'nudge', 'action': 'OC'}",,DATACULTR,2024-04-26T05:52:20.911930,2024-04-26T05:52:20.911947,en,Test Automation Nudges_CB_4057
690,nudge,DATACULTR,SDP690,1414,2,Test Automation CB Description_1407,"{'type': 'nudge', 'action': 'OC'}",,DATACULTR,2024-04-26T05:47:29.194752,2024-04-26T05:47:29.194765,en,Test Automation Nudges_CB_9110
689,nudge,DATACULTR,SDP689,1413,2,Test Automation_Nudges_AB_Description_2,"{'type': 'nudge', 'action': 'AB', 'pkg': ['com.google.android.youtube']}",,DATACULTR,2024-04-26T05:47:26.667612,2024-04-26T05:47:26.667623,en,Test Automation Nudges_AB_841
688,nudge,DATACULTR,SDP688,1412,2,Test Automation_Nudges_AB_Description_1,"{'type': 'nudge', 'action': 'AB', 'pkg': ['com.google.android.youtube']}",,DATACULTR,2024-04-26T05:47:24.385469,2024-04-26T05:47:24.385481,en,Test Automation Nudges_AB_678
687,nudge,DATACULTR,SDP687,1411,2,Test Automation_Nudges_LW_Description_2,"{'type': 'nudge', 'action': 'LW', 'url': 'https://cdn.wrtual.in/mihi/HCPH_WALLPAPER.png'}",,DATACULTR,2024-04-26T05:47:21.712339,2024-04-26T05:47:21.712351,en,Test Automation Nudges_LW_870
686,nudge,DATACULTR,SDP686,1410,2,Test Automation_Nudges_LW_Description_1,"{'type': 'nudge', 'action': 'LW', 'url': 'https://cdn.wrtual.in/mihi/HCPH_WALLPAPER.png'}",,DATACULTR,2024-04-26T05:47:18.610261,2024-04-26T05:47:18.610273,en,Test Automation Nudges_LW_302
685,nudge,DATACULTR,SDP685,1409,2,Test Automation CB Description_6717,"{'type': 'nudge', 'action': 'OC'}",,DATACULTR,2024-04-25T13:28:49.852393,2024-04-25T13:28:49.852406,en,Test Automation Nudges_CB_8214
684,nudge,DATACULTR,SDP684,1408,2,Test Automation_Nudges_AB_Description_2,"{'type': 'nudge', 'action': 'AB', 'pkg': ['com.google.android.youtube']}",,DATACULTR,2024-04-25T13:28:46.884277,2024-04-25T13:28:46.884290,en,Test Automation Nudges_AB_700
683,nudge,DATACULTR,SDP683,1407,2,Test Automation_Nudges_AB_Description_1,"{'type': 'nudge', 'action': 'AB', 'pkg': ['com.google.android.youtube']}",,DATACULTR,2024-04-25T13:28:43.720414,2024-04-25T13:28:43.720428,en,Test Automation Nudges_AB_644
682,nudge,DATACULTR,SDP682,1406,2,Test Automation_Nudges_LW_Description_2,"{'type': 'nudge', 'action': 'LW', 'url': 'https://cdn.wrtual.in/mihi/HCPH_WALLPAPER.png'}",,DATACULTR,2024-04-25T13:28:39.898718,2024-04-25T13:28:39.898731,en,Test Automation Nudges_LW_293
681,nudge,DATACULTR,SDP681,1405,2,Test Automation_Nudges_LW_Description_1,"{'type': 'nudge', 'action': 'LW', 'url': 'https://cdn.wrtual.in/mihi/HCPH_WALLPAPER.png'}",,DATACULTR,2024-04-25T13:28:36.280589,2024-04-25T13:28:36.280601,en,Test Automation Nudges_LW_667
680,nudge,DATACULTR,SDP680,1404,2,Test Automation CB Description_2438,"{'type': 'nudge', 'action': 'OC'}",,DATACULTR,2024-04-25T12:25:42.910825,2024-04-25T12:25:42.910838,en,Test Automation Nudges_CB_6372
679,nudge,DATACULTR,SDP679,1403,2,Test Automation_Nudges_AB_Description_2,"{'type': 'nudge', 'action': 'AB', 'pkg': ['com.google.android.youtube']}",,DATACULTR,2024-04-25T12:25:39.957408,2024-04-25T12:25:39.957421,en,Test Automation Nudges_AB_637
678,nudge,DATACULTR,SDP678,1402,2,Test Automation_Nudges_AB_Description_1,"{'type': 'nudge', 'action': 'AB', 'pkg': ['com.google.android.youtube']}",,DATACULTR,2024-04-25T12:25:37.106186,2024-04-25T12:25:37.106199,en,Test Automation Nudges_AB_630
677,nudge,DATACULTR,SDP677,1401,2,Test Automation_Nudges_LW_Description_2,"{'type': 'nudge', 'action': 'LW', 'url': 'https://cdn.wrtual.in/mihi/HCPH_WALLPAPER.png'}",,DATACULTR,2024-04-25T12:25:34.544172,2024-04-25T12:25:34.544184,en,Test Automation Nudges_LW_921
676,nudge,DATACULTR,SDP676,1400,2,Test Automation_Nudges_LW_Description_1,"{'type': 'nudge', 'action': 'LW', 'url': 'https://cdn.wrtual.in/mihi/HCPH_WALLPAPER.png'}",,DATACULTR,2024-04-25T12:25:31.549914,2024-04-25T12:25:31.549927,en,Test Automation Nudges_LW_985
675,nudge,DATACULTR,SDP675,1399,2,Test Automation CB Description_7289,"{'type': 'nudge', 'action': 'OC'}",,DATACULTR,2024-04-25T12:22:23.613214,2024-04-25T12:22:23.613227,en,Test Automation Nudges_CB_3002
674,nudge,DATACULTR,SDP674,1398,2,Test Automation_Nudges_AB_Description_2,"{'type': 'nudge', 'action': 'AB', 'pkg': ['com.google.android.youtube']}",,DATACULTR,2024-04-25T12:22:21.231618,2024-04-25T12:22:21.231631,en,Test Automation Nudges_AB_820
673,nudge,DATACULTR,SDP673,1397,2,Test Automation_Nudges_AB_Description_1,"{'type': 'nudge', 'action': 'AB', 'pkg': ['com.google.android.youtube']}",,DATACULTR,2024-04-25T12:22:18.704136,2024-04-25T12:22:18.704149,en,Test Automation Nudges_AB_582
672,nudge,DATACULTR,SDP672,1396,2,Test Automation_Nudges_LW_Description_2,"{'type': 'nudge', 'action': 'LW', 'url': 'https://cdn.wrtual.in/mihi/HCPH_WALLPAPER.png'}",,DATACULTR,2024-04-25T12:22:16.173866,2024-04-25T12:22:16.173879,en,Test Automation Nudges_LW_876
671,nudge,DATACULTR,SDP671,1395,2,Test Automation_Nudges_LW_Description_1,"{'type': 'nudge', 'action': 'LW', 'url': 'https://cdn.wrtual.in/mihi/HCPH_WALLPAPER.png'}",,DATACULTR,2024-04-25T12:22:14.193604,2024-04-25T12:22:14.193616,en,Test Automation Nudges_LW_855
670,nudge,DATACULTR,SDP670,1394,2,Test Automation CB Description_6344,"{'type': 'nudge', 'action': 'OC'}",,DATACULTR,2024-04-24T12:00:29.791419,2024-04-24T12:00:29.791432,en,Test Automation Nudges_CB_4954
669,nudge,DATACULTR,SDP669,1393,2,Test Automation CB Description_0252,"{'type': 'nudge', 'action': 'OC'}",,DATACULTR,2024-04-24T12:00:27.603088,2024-04-24T12:00:27.603102,en,Test Automation Nudges_CB_2340
668,nudge,DATACULTR,SDP668,1392,2,Test Automation_Nudges_AB_Description_1,"{'type': 'nudge', 'action': 'AB', 'pkg': ['com.google.android.youtube']}",,DATACULTR,2024-04-24T12:00:24.271148,2024-04-24T12:00:24.271162,en,Test Automation Nudges_AB_546
667,nudge,DATACULTR,SDP667,1391,2,Test Automation_Nudges_LW_Description_2,"{'type': 'nudge', 'action': 'LW', 'url': 'https://cdn.wrtual.in/mihi/HCPH_WALLPAPER.png'}",,DATACULTR,2024-04-24T12:00:20.707009,2024-04-24T12:00:20.707022,en,Test Automation Nudges_LW_463
666,nudge,DATACULTR,SDP666,1390,2,Test Automation_Nudges_LW_Description_1,"{'type': 'nudge', 'action': 'LW', 'url': 'https://cdn.wrtual.in/mihi/HCPH_WALLPAPER.png'}",,DATACULTR,2024-04-24T12:00:17.050652,2024-04-24T12:00:17.050665,en,Test Automation Nudges_LW_785
665,nudge,DATACULTR,SDP665,1389,2,Test Automation CB Description_3669,"{'type': 'nudge', 'action': 'OC'}",,DATACULTR,2024-04-24T11:28:50.309658,2024-04-24T11:28:50.309693,en,Test Automation Nudges_CB_7094
664,nudge,DATACULTR,SDP664,1388,2,Test Automation_Nudges_AB_Description_2,"{'type': 'nudge', 'action': 'AB', 'pkg': ['com.google.android.youtube']}",,DATACULTR,2024-04-24T11:28:48.577665,2024-04-24T11:28:48.577679,en,Test Automation Nudges_AB_528
663,nudge,DATACULTR,SDP663,1387,2,Test Automation_Nudges_AB_Description_1,"{'type': 'nudge', 'action': 'AB', 'pkg': ['com.google.android.youtube']}",,DATACULTR,2024-04-24T11:28:46.764801,2024-04-24T11:28:46.764814,en,Test Automation Nudges_AB_011
662,nudge,DATACULTR,SDP662,1386,2,Test Automation_Nudges_LW_Description_2,"{'type': 'nudge', 'action': 'LW', 'url': 'https://cdn.wrtual.in/mihi/HCPH_WALLPAPER.png'}",,DATACULTR,2024-04-24T11:28:44.401681,2024-04-24T11:28:44.401694,en,Test Automation Nudges_LW_566
661,nudge,DATACULTR,SDP661,1385,2,Test Automation_Nudges_LW_Description_1,"{'type': 'nudge', 'action': 'LW', 'url': 'https://cdn.wrtual.in/mihi/HCPH_WALLPAPER.png'}",,DATACULTR,2024-04-24T11:28:38.481536,2024-04-24T11:28:38.481549,en,Test Automation Nudges_LW_200
660,nudge,DATACULTR,SDP660,1384,2,Test Automation CB Description_3717,"{'type': 'nudge', 'action': 'OC'}",,DATACULTR,2024-04-24T10:45:17.000034,2024-04-24T10:45:17.000047,en,Test Automation Nudges_CB_3990
659,nudge,DATACULTR,SDP659,1383,2,Test Automation_Nudges_AB_Description_2,"{'type': 'nudge', 'action': 'AB', 'pkg': ['com.google.android.youtube']}",,DATACULTR,2024-04-24T10:45:13.910954,2024-04-24T10:45:13.910966,en,Test Automation Nudges_AB_156
658,nudge,DATACULTR,SDP658,1382,2,Test Automation_Nudges_AB_Description_1,"{'type': 'nudge', 'action': 'AB', 'pkg': ['com.google.android.youtube']}",,DATACULTR,2024-04-24T10:45:11.373885,2024-04-24T10:45:11.373898,en,Test Automation Nudges_AB_949
657,nudge,DATACULTR,SDP657,1381,2,Test Automation_Nudges_LW_Description_2,"{'type': 'nudge', 'action': 'LW', 'url': 'https://cdn.wrtual.in/mihi/HCPH_WALLPAPER.png'}",,DATACULTR,2024-04-24T10:45:09.171431,2024-04-24T10:45:09.171445,en,Test Automation Nudges_LW_874
656,nudge,DATACULTR,SDP656,1380,2,Test Automation_Nudges_LW_Description_1,"{'type': 'nudge', 'action': 'LW', 'url': 'https://cdn.wrtual.in/mihi/HCPH_WALLPAPER.png'}",,DATACULTR,2024-04-24T10:45:05.711671,2024-04-24T10:45:05.711684,en,Test Automation Nudges_LW_917
655,nudge,DATACULTR,SDP655,1379,2,Test Automation CB Description_1554,"{'type': 'nudge', 'action': 'OC'}",,DATACULTR,2024-04-24T10:30:36.882541,2024-04-24T10:30:36.882554,en,Test Automation Nudges_CB_3395
654,nudge,DATACULTR,SDP654,1378,2,Test Automation_Nudges_AB_Description_2,"{'type': 'nudge', 'action': 'AB', 'pkg': ['com.google.android.youtube']}",,DATACULTR,2024-04-24T10:30:34.599693,2024-04-24T10:30:34.599706,en,Test Automation Nudges_AB_231
653,nudge,DATACULTR,SDP653,1377,2,Test Automation_Nudges_AB_Description_1,"{'type': 'nudge', 'action': 'AB', 'pkg': ['com.google.android.youtube']}",,DATACULTR,2024-04-24T10:30:31.622015,2024-04-24T10:30:31.622028,en,Test Automation Nudges_AB_243
652,nudge,DATACULTR,SDP652,1376,2,Test Automation_Nudges_LW_Description_2,"{'type': 'nudge', 'action': 'LW', 'url': 'https://cdn.wrtual.in/mihi/HCPH_WALLPAPER.png'}",,DATACULTR,2024-04-24T10:30:28.509753,2024-04-24T10:30:28.509765,en,Test Automation Nudges_LW_294
651,nudge,DATACULTR,SDP651,1375,2,Test Automation_Nudges_LW_Description_1,"{'type': 'nudge', 'action': 'LW', 'url': 'https://cdn.wrtual.in/mihi/HCPH_WALLPAPER.png'}",,DATACULTR,2024-04-24T10:30:25.351987,2024-04-24T10:30:25.352000,en,Test Automation Nudges_LW_001
650,nudge,DATACULTR,SDP650,1374,2,Test Automation CB Description_1476,"{'type': 'nudge', 'action': 'OC'}",,DATACULTR,2024-04-24T10:19:26.613793,2024-04-24T10:19:26.613806,en,Test Automation Nudges_CB_0804
649,nudge,DATACULTR,SDP649,1373,2,Test Automation_Nudges_AB_Description_2,"{'type': 'nudge', 'action': 'AB', 'pkg': ['com.google.android.youtube']}",,DATACULTR,2024-04-24T10:19:24.442965,2024-04-24T10:19:24.442978,en,Test Automation Nudges_AB_475
648,nudge,DATACULTR,SDP648,1372,2,Test Automation_Nudges_AB_Description_1,"{'type': 'nudge', 'action': 'AB', 'pkg': ['com.google.android.youtube']}",,DATACULTR,2024-04-24T10:19:22.167073,2024-04-24T10:19:22.167085,en,Test Automation Nudges_AB_064
647,nudge,DATACULTR,SDP647,1371,2,Test Automation_Nudges_LW_Description_2,"{'type': 'nudge', 'action': 'LW', 'url': 'https://cdn.wrtual.in/mihi/HCPH_WALLPAPER.png'}",,DATACULTR,2024-04-24T10:19:19.458362,2024-04-24T10:19:19.458376,en,Test Automation Nudges_LW_942
646,nudge,DATACULTR,SDP646,1370,2,Test Automation_Nudges_LW_Description_1,"{'type': 'nudge', 'action': 'LW', 'url': 'https://cdn.wrtual.in/mihi/HCPH_WALLPAPER.png'}",,DATACULTR,2024-04-24T10:19:14.217097,2024-04-24T10:19:14.217110,en,Test Automation Nudges_LW_560
645,nudge,DATACULTR,SDP645,1369,2,Test Automation CB Description_2171,"{'type': 'nudge', 'action': 'OC'}",,DATACULTR,2024-04-24T06:58:08.445933,2024-04-24T06:58:08.445946,en,Test Automation Nudges_CB_5141
644,nudge,DATACULTR,SDP644,1368,2,Test Automation_Nudges_AB_Description_2,"{'type': 'nudge', 'action': 'AB', 'pkg': ['com.google.android.youtube']}",,DATACULTR,2024-04-24T06:58:06.313049,2024-04-24T06:58:06.313062,en,Test Automation Nudges_AB_477
643,nudge,DATACULTR,SDP643,1367,2,Test Automation_Nudges_AB_Description_1,"{'type': 'nudge', 'action': 'AB', 'pkg': ['com.google.android.youtube']}",,DATACULTR,2024-04-24T06:58:01.958949,2024-04-24T06:58:01.958962,en,Test Automation Nudges_AB_858
642,nudge,DATACULTR,SDP642,1366,2,Test Automation_Nudges_LW_Description_2,"{'type': 'nudge', 'action': 'LW', 'url': 'https://cdn.wrtual.in/mihi/HCPH_WALLPAPER.png'}",,DATACULTR,2024-04-24T06:57:59.429256,2024-04-24T06:57:59.429269,en,Test Automation Nudges_LW_883
641,nudge,DATACULTR,SDP641,1365,2,Test Automation_Nudges_LW_Description_1,"{'type': 'nudge', 'action': 'LW', 'url': 'https://cdn.wrtual.in/mihi/HCPH_WALLPAPER.png'}",,DATACULTR,2024-04-24T06:57:56.665232,2024-04-24T06:57:56.665245,en,Test Automation Nudges_LW_164
640,nudge,DATACULTR,SDP640,1364,2,Test Automation CB Description_8979,"{'type': 'nudge', 'action': 'OC'}",,DATACULTR,2024-04-24T05:19:26.931990,2024-04-24T05:19:26.932003,en,Test Automation Nudges_CB_6591
639,nudge,DATACULTR,SDP639,1363,2,Test Automation_Nudges_AB_Description_2,"{'type': 'nudge', 'action': 'AB', 'pkg': ['com.google.android.youtube']}",,DATACULTR,2024-04-24T05:19:24.787063,2024-04-24T05:19:24.787076,en,Test Automation Nudges_AB_824
638,nudge,DATACULTR,SDP638,1362,2,Test Automation_Nudges_AB_Description_1,"{'type': 'nudge', 'action': 'AB', 'pkg': ['com.google.android.youtube']}",,DATACULTR,2024-04-24T05:19:21.681790,2024-04-24T05:19:21.681803,en,Test Automation Nudges_AB_800
637,nudge,DATACULTR,SDP637,1361,2,Test Automation_Nudges_LW_Description_2,"{'type': 'nudge', 'action': 'LW', 'url': 'https://cdn.wrtual.in/mihi/HCPH_WALLPAPER.png'}",,DATACULTR,2024-04-24T05:19:17.387889,2024-04-24T05:19:17.387903,en,Test Automation Nudges_LW_840
636,nudge,DATACULTR,SDP636,1360,2,Test Automation_Nudges_LW_Description_1,"{'type': 'nudge', 'action': 'LW', 'url': 'https://cdn.wrtual.in/mihi/HCPH_WALLPAPER.png'}",,DATACULTR,2024-04-24T05:19:13.005835,2024-04-24T05:19:13.005849,en,Test Automation Nudges_LW_004
635,nudge,DATACULTR,SDP635,1358,2,Test Automation CB Description_6762,"{'type': 'nudge', 'action': 'OC'}",,DATACULTR,2024-04-23T08:58:53.161703,2024-04-23T08:58:53.161715,en,Test Automation Nudges_CB_9337
634,nudge,DATACULTR,SDP634,1357,2,Test Automation_Nudges_AB_Description_2,"{'type': 'nudge', 'action': 'AB', 'pkg': ['com.google.android.youtube']}",,DATACULTR,2024-04-23T08:58:50.185480,2024-04-23T08:58:50.185493,en,Test Automation Nudges_AB_358
633,nudge,DATACULTR,SDP633,1356,2,Test Automation_Nudges_AB_Description_1,"{'type': 'nudge', 'action': 'AB', 'pkg': ['com.google.android.youtube']}",,DATACULTR,2024-04-23T08:58:48.012207,2024-04-23T08:58:48.012220,en,Test Automation Nudges_AB_559
632,nudge,DATACULTR,SDP632,1355,2,Test Automation_Nudges_LW_Description_2,"{'type': 'nudge', 'action': 'LW', 'url': 'https://cdn.wrtual.in/mihi/HCPH_WALLPAPER.png'}",,DATACULTR,2024-04-23T08:58:44.939576,2024-04-23T08:58:44.939589,en,Test Automation Nudges_LW_480
631,nudge,DATACULTR,SDP631,1354,2,Test Automation_Nudges_LW_Description_1,"{'type': 'nudge', 'action': 'LW', 'url': 'https://cdn.wrtual.in/mihi/HCPH_WALLPAPER.png'}",,DATACULTR,2024-04-23T08:58:41.783889,2024-04-23T08:58:41.783902,en,Test Automation Nudges_LW_075
630,nudge,DATACULTR,SDP630,1353,2,Test Automation CB Description_2625,"{'type': 'nudge', 'action': 'OC'}",,DATACULTR,2024-04-23T07:17:06.348787,2024-04-23T07:17:06.348800,en,Test Automation Nudges_CB_1322
629,nudge,DATACULTR,SDP629,1352,2,Test Automation_Nudges_AB_Description_2,"{'type': 'nudge', 'action': 'AB', 'pkg': ['com.google.android.youtube']}",,DATACULTR,2024-04-23T07:17:03.833759,2024-04-23T07:17:03.833772,en,Test Automation Nudges_AB_762
628,nudge,DATACULTR,SDP628,1351,2,Test Automation_Nudges_AB_Description_1,"{'type': 'nudge', 'action': 'AB', 'pkg': ['com.google.android.youtube']}",,DATACULTR,2024-04-23T07:17:00.635489,2024-04-23T07:17:00.635504,en,Test Automation Nudges_AB_716
627,nudge,DATACULTR,SDP627,1350,2,Test Automation_Nudges_LW_Description_2,"{'type': 'nudge', 'action': 'LW', 'url': 'https://cdn.wrtual.in/mihi/HCPH_WALLPAPER.png'}",,DATACULTR,2024-04-23T07:16:57.057053,2024-04-23T07:16:57.057066,en,Test Automation Nudges_LW_152
626,nudge,DATACULTR,SDP626,1349,2,Test Automation_Nudges_LW_Description_1,"{'type': 'nudge', 'action': 'LW', 'url': 'https://cdn.wrtual.in/mihi/HCPH_WALLPAPER.png'}",,DATACULTR,2024-04-23T07:16:54.018828,2024-04-23T07:16:54.018840,en,Test Automation Nudges_LW_624
625,nudge,DATACULTR,SDP625,1343,2,Test Automation CB Description_8525,"{'type': 'nudge', 'action': 'OC'}",,DATACULTR,2024-04-17T12:37:39.520460,2024-04-17T12:37:39.520473,en,Test Automation Nudges_CB_9258
624,nudge,DATACULTR,SDP624,1342,2,Test Automation_Nudges_AB_Description_2,"{'type': 'nudge', 'action': 'AB', 'pkg': ['com.google.android.youtube']}",,DATACULTR,2024-04-17T12:37:30.151590,2024-04-17T12:37:30.151601,en,Test Automation Nudges_AB_339
623,nudge,DATACULTR,SDP623,1341,2,Test Automation_Nudges_AB_Description_1,"{'type': 'nudge', 'action': 'AB', 'pkg': ['com.google.android.youtube']}",,DATACULTR,2024-04-17T12:37:27.403782,2024-04-17T12:37:27.403793,en,Test Automation Nudges_AB_921
622,nudge,DATACULTR,SDP622,1340,2,Test Automation_Nudges_LW_Description_2,"{'type': 'nudge', 'action': 'LW', 'url': 'https://cdn.wrtual.in/mihi/HCPH_WALLPAPER.png'}",,DATACULTR,2024-04-17T12:37:09.271390,2024-04-17T12:37:09.271401,en,Test Automation Nudges_LW_502
621,nudge,DATACULTR,SDP621,1339,2,Test Automation_Nudges_LW_Description_1,"{'type': 'nudge', 'action': 'LW', 'url': 'https://cdn.wrtual.in/mihi/HCPH_WALLPAPER.png'}",,DATACULTR,2024-04-17T12:36:48.583971,2024-04-17T12:36:48.583983,en,Test Automation Nudges_LW_994
620,nudge,DATACULTR,SDP620,1338,2,Test Automation CB Description_0107,"{'type': 'nudge', 'action': 'OC'}",,DATACULTR,2024-04-17T12:21:57.770358,2024-04-17T12:21:57.770370,en,Test Automation Nudges_CB_2312
619,nudge,DATACULTR,SDP619,1337,2,Test Automation_Nudges_AB_Description_2,"{'type': 'nudge', 'action': 'AB', 'pkg': ['com.google.android.youtube']}",,DATACULTR,2024-04-17T12:21:55.246902,2024-04-17T12:21:55.246913,en,Test Automation Nudges_AB_202
618,nudge,DATACULTR,SDP618,1336,2,Test Automation_Nudges_AB_Description_1,"{'type': 'nudge', 'action': 'AB', 'pkg': ['com.google.android.youtube']}",,DATACULTR,2024-04-17T12:21:51.544435,2024-04-17T12:21:51.544447,en,Test Automation Nudges_AB_755
617,nudge,DATACULTR,SDP617,1335,2,Test Automation_Nudges_LW_Description_2,"{'type': 'nudge', 'action': 'LW', 'url': 'https://cdn.wrtual.in/mihi/HCPH_WALLPAPER.png'}",,DATACULTR,2024-04-17T12:21:37.659832,2024-04-17T12:21:37.659844,en,Test Automation Nudges_LW_753
616,nudge,DATACULTR,SDP616,1334,2,Test Automation_Nudges_LW_Description_1,"{'type': 'nudge', 'action': 'LW', 'url': 'https://cdn.wrtual.in/mihi/HCPH_WALLPAPER.png'}",,DATACULTR,2024-04-17T12:21:29.243113,2024-04-17T12:21:29.243125,en,Test Automation Nudges_LW_756
615,nudge,DATACULTR,SDP615,1333,2,Test Automation CB Description_4235,"{'type': 'nudge', 'action': 'OC'}",,DATACULTR,2024-04-17T11:08:10.785173,2024-04-17T11:08:10.785184,en,Test Automation Nudges_CB_7206
614,nudge,DATACULTR,SDP614,1332,2,Test Automation_Nudges_AB_Description_2,"{'type': 'nudge', 'action': 'AB', 'pkg': ['com.google.android.youtube']}",,DATACULTR,2024-04-17T11:08:06.994676,2024-04-17T11:08:06.994688,en,Test Automation Nudges_AB_478
613,nudge,DATACULTR,SDP613,1331,2,Test Automation_Nudges_AB_Description_1,"{'type': 'nudge', 'action': 'AB', 'pkg': ['com.google.android.youtube']}",,DATACULTR,2024-04-17T11:08:04.827234,2024-04-17T11:08:04.827245,en,Test Automation Nudges_AB_550
612,nudge,DATACULTR,SDP612,1330,2,Test Automation_Nudges_LW_Description_2,"{'type': 'nudge', 'action': 'LW', 'url': 'https://cdn.wrtual.in/mihi/HCPH_WALLPAPER.png'}",,DATACULTR,2024-04-17T11:07:59.505001,2024-04-17T11:07:59.505013,en,Test Automation Nudges_LW_758
611,nudge,DATACULTR,SDP611,1329,2,Test Automation_Nudges_LW_Description_1,"{'type': 'nudge', 'action': 'LW', 'url': 'https://cdn.wrtual.in/mihi/HCPH_WALLPAPER.png'}",,DATACULTR,2024-04-17T11:07:53.678086,2024-04-17T11:07:53.678098,en,Test Automation Nudges_LW_988
610,nudge,DATACULTR,SDP610,1328,2,Test Automation CB Description_9735,"{'type': 'nudge', 'action': 'OC'}",,DATACULTR,2024-04-17T09:22:36.071854,2024-04-17T09:22:36.071865,en,Test Automation Nudges_CB_8997
609,nudge,DATACULTR,SDP609,1327,2,Test Automation_Nudges_AB_Description_2,"{'type': 'nudge', 'action': 'AB', 'pkg': ['com.google.android.youtube']}",,DATACULTR,2024-04-17T09:22:34.571423,2024-04-17T09:22:34.571435,en,Test Automation Nudges_AB_226
608,nudge,DATACULTR,SDP608,1326,2,Test Automation_Nudges_AB_Description_1,"{'type': 'nudge', 'action': 'AB', 'pkg': ['com.google.android.youtube']}",,DATACULTR,2024-04-17T09:22:32.139651,2024-04-17T09:22:32.139663,en,Test Automation Nudges_AB_606
607,nudge,DATACULTR,SDP607,1325,2,Test Automation_Nudges_LW_Description_2,"{'type': 'nudge', 'action': 'LW', 'url': 'https://cdn.wrtual.in/mihi/HCPH_WALLPAPER.png'}",,DATACULTR,2024-04-17T09:22:27.189054,2024-04-17T09:22:27.189066,en,Test Automation Nudges_LW_633
606,nudge,DATACULTR,SDP606,1324,2,Test Automation_Nudges_LW_Description_1,"{'type': 'nudge', 'action': 'LW', 'url': 'https://cdn.wrtual.in/mihi/HCPH_WALLPAPER.png'}",,DATACULTR,2024-04-17T09:22:22.797755,2024-04-17T09:22:22.797768,en,Test Automation Nudges_LW_380
605,nudge,DATACULTR,SDP605,1323,2,Test Automation CB Description_8030,"{'type': 'nudge', 'action': 'OC'}",,DATACULTR,2024-04-17T08:17:59.863068,2024-04-17T08:17:59.863080,en,Test Automation Nudges_CB_3797
604,nudge,DATACULTR,SDP604,1322,2,Test Automation_Nudges_AB_Description_2,"{'type': 'nudge', 'action': 'AB', 'pkg': ['com.google.android.youtube']}",,DATACULTR,2024-04-17T08:17:56.014285,2024-04-17T08:17:56.014297,en,Test Automation Nudges_AB_105
603,nudge,DATACULTR,SDP603,1321,2,Test Automation_Nudges_AB_Description_1,"{'type': 'nudge', 'action': 'AB', 'pkg': ['com.google.android.youtube']}",,DATACULTR,2024-04-17T08:17:49.484079,2024-04-17T08:17:49.484089,en,Test Automation Nudges_AB_332
602,nudge,DATACULTR,SDP602,1320,2,Test Automation_Nudges_LW_Description_2,"{'type': 'nudge', 'action': 'LW', 'url': 'https://cdn.wrtual.in/mihi/HCPH_WALLPAPER.png'}",,DATACULTR,2024-04-17T08:17:44.668430,2024-04-17T08:17:44.668442,en,Test Automation Nudges_LW_685
601,nudge,DATACULTR,SDP601,1319,2,Test Automation_Nudges_LW_Description_1,"{'type': 'nudge', 'action': 'LW', 'url': 'https://cdn.wrtual.in/mihi/HCPH_WALLPAPER.png'}",,DATACULTR,2024-04-17T08:17:42.441719,2024-04-17T08:17:42.441730,en,Test Automation Nudges_LW_529
600,nudge,DATACULTR,SDP600,1318,2,Test Automation CB Description_4051,"{'type': 'nudge', 'action': 'OC'}",,DATACULTR,2024-04-17T08:13:35.428528,2024-04-17T08:13:35.428540,en,Test Automation Nudges_CB_4783
599,nudge,DATACULTR,SDP599,1317,2,Test Automation CB Description_6874,"{'type': 'nudge', 'action': 'OC'}",,DATACULTR,2024-04-17T08:13:33.802583,2024-04-17T08:13:33.802594,en,Test Automation Nudges_CB_6170
598,nudge,DATACULTR,SDP598,1316,2,Test Automation_Nudges_AB_Description_2,"{'type': 'nudge', 'action': 'AB', 'pkg': ['com.google.android.youtube']}",,DATACULTR,2024-04-17T08:13:31.821373,2024-04-17T08:13:31.821385,en,Test Automation Nudges_AB_919
597,nudge,DATACULTR,SDP597,1315,2,Test Automation_Nudges_AB_Description_1,"{'type': 'nudge', 'action': 'AB', 'pkg': ['com.google.android.youtube']}",,DATACULTR,2024-04-17T08:13:28.032344,2024-04-17T08:13:28.032356,en,Test Automation Nudges_AB_465
596,nudge,DATACULTR,SDP596,1314,2,Test Automation_Nudges_LW_Description_2,"{'type': 'nudge', 'action': 'LW', 'url': 'https://cdn.wrtual.in/mihi/HCPH_WALLPAPER.png'}",,DATACULTR,2024-04-17T08:13:24.163260,2024-04-17T08:13:24.163272,en,Test Automation Nudges_LW_394
595,nudge,DATACULTR,SDP595,1313,2,Test Automation_Nudges_LW_Description_1,"{'type': 'nudge', 'action': 'LW', 'url': 'https://cdn.wrtual.in/mihi/HCPH_WALLPAPER.png'}",,DATACULTR,2024-04-17T08:13:22.031049,2024-04-17T08:13:22.031062,en,Test Automation Nudges_LW_252
594,nudge,DATACULTR,SDP594,1312,2,Test Automation CB Description_0413,"{'type': 'nudge', 'action': 'OC'}",,DATACULTR,2024-04-17T08:05:13.521917,2024-04-17T08:05:13.521928,en,Test Automation Nudges_CB_4126
593,nudge,DATACULTR,SDP593,1311,2,Test Automation CB Description_0889,"{'type': 'nudge', 'action': 'OC'}",,DATACULTR,2024-04-17T08:05:11.381450,2024-04-17T08:05:11.381461,en,Test Automation Nudges_CB_4978
592,nudge,DATACULTR,SDP592,1310,2,Test Automation CB Description_8893,"{'type': 'nudge', 'action': 'OC'}",,DATACULTR,2024-04-17T07:43:19.679905,2024-04-17T07:43:19.679917,en,Test Automation Nudges_CB_8990
591,nudge,DATACULTR,SDP591,1309,2,Test Automation CB Description_8665,"{'type': 'nudge', 'action': 'OC'}",,DATACULTR,2024-04-17T07:43:14.187758,2024-04-17T07:43:14.187770,en,Test Automation Nudges_CB_4967
590,nudge,DATACULTR,SDP590,1308,2,Test Automation CB Description_6108,"{'type': 'nudge', 'action': 'OC'}",,DATACULTR,2024-04-17T07:38:01.003805,2024-04-17T07:38:01.003816,en,Test Automation Nudges_CB_4980
589,nudge,DATACULTR,SDP589,1307,2,Test Automation CB Description_3491,"{'type': 'nudge', 'action': 'OC'}",,DATACULTR,2024-04-17T07:37:58.573593,2024-04-17T07:37:58.573604,en,Test Automation Nudges_CB_1704
588,nudge,DATACULTR,SDP588,1306,2,Test Automation CB Description_4201,"{'type': 'nudge', 'action': 'OC'}",,DATACULTR,2024-04-17T07:36:44.493350,2024-04-17T07:36:44.493363,en,Test Automation Nudges_CB_9771
587,nudge,DATACULTR,SDP587,1305,2,Test Automation CB Description_3684,"{'type': 'nudge', 'action': 'OC'}",,DATACULTR,2024-04-17T07:29:30.266833,2024-04-17T07:29:30.266845,en,Test Automation Nudges_CB_1366
586,nudge,DATACULTR,,1304,2,Test Automation CB Description_3636,"{'type': 'nudge', 'action': 'OC'}",,DATACULTR,2024-04-17T07:29:28.742529,2024-04-17T07:29:28.742544,en,Test Automation Nudges_CB_1171
585,nudge,DATACULTR,,1303,2,Test Automation CB Description_061,"{'type': 'nudge', 'action': 'OC'}",,DATACULTR,2024-04-17T07:26:58.978434,2024-04-17T07:26:58.978446,en,Test Automation Nudges_CB_053
584,nudge,DATACULTR,,1302,2,Test Automation CB Description_956,"{'type': 'nudge', 'action': 'OC'}",,DATACULTR,2024-04-17T07:26:57.636246,2024-04-17T07:26:57.636257,en,Test Automation Nudges_CB_817
583,nudge,DATACULTR,,1301,2,Test Automation Call Barring Description 1,"{'type': 'nudge', 'action': 'OC'}",,DATACULTR,2024-04-17T07:24:57.763579,2024-04-17T07:24:57.763591,en,Test Automation Nudges_CB_028
582,nudge,DATACULTR,,1300,2,Test Automation Call Barring Description 1,"{'type': 'nudge', 'action': 'OC'}",,DATACULTR,2024-04-17T07:24:55.136923,2024-04-17T07:24:55.136936,en,Test Automation Nudges_CB_954
581,nudge,DATACULTR,,1299,2,Test Automation Call Barring Description 1,"{'type': 'nudge', 'action': 'OC'}",,DATACULTR,2024-04-17T07:23:08.314105,2024-04-17T07:23:08.314118,en,Test Automation Nudges_CB_ 064
580,nudge,DATACULTR,,1298,2,Test Automation Call Barring Description 1,"{'type': 'nudge', 'action': 'OC'}",,DATACULTR,2024-04-17T07:23:06.945091,2024-04-17T07:23:06.945104,en,Test Automation Nudges_CB_ 195
579,nudge,DATACULTR,,1297,2,Test Call Barring Desc,"{'type': 'nudge', 'action': 'OC'}",,DATACULTR,2024-04-17T07:18:26.658989,2024-04-17T07:18:26.659002,en,Test Call Barring
578,nudge,DATACULTR,SDP578,1296,2,Test Automation_Nudges_AB_Description_2,"{'type': 'nudge', 'action': 'AB', 'pkg': ['com.google.android.youtube']}",,DATACULTR,2024-04-17T06:42:44.573104,2024-04-17T06:42:44.573119,en,Test Automation Nudges_AB_969
577,nudge,DATACULTR,SDP577,1295,2,Test Automation_Nudges_AB_Description_1,"{'type': 'nudge', 'action': 'AB', 'pkg': ['com.google.android.youtube']}",,DATACULTR,2024-04-17T06:42:41.227944,2024-04-17T06:42:41.227957,en,Test Automation Nudges_AB_019
576,nudge,DATACULTR,SDP576,1294,2,Test Automation_Nudges_AB_Description_1,"{'type': 'nudge', 'action': 'AB', 'pkg': ['com.google.android.youtube']}",,DATACULTR,2024-04-17T06:32:40.589986,2024-04-17T06:32:40.589999,en,Test Automation Nudges_AB_
575,nudge,DATACULTR,SDP575,1293,2,Test Automation_Nudges_LW_Description_2,"{'type': 'nudge', 'action': 'LW', 'url': 'https://cdn.wrtual.in/mihi/HCPH_WALLPAPER.png'}",,DATACULTR,2024-04-17T06:32:38.030591,2024-04-17T06:32:38.030605,en,Test Automation Nudges_LW_160
574,nudge,DATACULTR,SDP574,1292,2,Test Automation_Nudges_LW_Description_1,"{'type': 'nudge', 'action': 'LW', 'url': 'https://cdn.wrtual.in/mihi/HCPH_WALLPAPER.png'}",,DATACULTR,2024-04-17T06:32:34.811220,2024-04-17T06:32:34.811234,en,Test Automation Nudges_LW_811
573,nudge,DATACULTR,SDP573,1291,2,Test Desc,"{'type': 'nudge', 'action': 'AB', 'pkg': ['com.google.android.youtube']}",,DATACULTR,2024-04-17T06:08:25.870998,2024-04-17T06:08:25.871010,en,Test A
572,nudge,DATACULTR,SDP572,1290,2,Test Automation_Nudges_LW_Description_2,"{'type': 'nudge', 'action': 'LW', 'url': 'https://cdn.wrtual.in/mihi/HCPH_WALLPAPER.png'}",,DATACULTR,2024-04-17T06:01:42.104980,2024-04-17T06:01:42.104992,en,Test Automation Nudges_LW_408
571,nudge,DATACULTR,SDP571,1289,2,Test Automation_Nudges_LW_Description_1,"{'type': 'nudge', 'action': 'LW', 'url': 'https://cdn.wrtual.in/mihi/HCPH_WALLPAPER.png'}",,DATACULTR,2024-04-17T06:01:38.768510,2024-04-17T06:01:38.768522,en,Test Automation Nudges_LW_316
570,nudge,DATACULTR,SDP570,1288,2,Test Automation_Nudges_LW_Description_2,"{'type': 'nudge', 'action': 'LW', 'url': 'https://cdn.wrtual.in/mihi/HCPH_WALLPAPER.png'}",,DATACULTR,2024-04-17T05:59:10.038026,2024-04-17T05:59:10.038040,en,Test Automation Nudges_LW_862
569,nudge,DATACULTR,SDP569,1287,2,Test Automation_Nudges_LW_Description_1,"{'type': 'nudge', 'action': 'LW', 'url': 'https://cdn.wrtual.in/mihi/HCPH_WALLPAPER.png'}",,DATACULTR,2024-04-17T05:59:08.565806,2024-04-17T05:59:08.565818,en,Test Automation Nudges_LW_762
568,nudge,DATACULTR,SDP568,1286,2,Test Automation_Nudges_LW_Description_2,"{'type': 'nudge', 'action': 'LW', 'url': 'https://cdn.wrtual.in/mihi/HCPH_WALLPAPER.png'}",,DATACULTR,2024-04-17T05:51:50.141171,2024-04-17T05:51:50.141184,en,Test Automation Nudges_LW_907
567,nudge,DATACULTR,SDP567,1285,2,Test Automation_Nudges_LW_Description_1,"{'type': 'nudge', 'action': 'LW', 'url': 'https://cdn.wrtual.in/mihi/HCPH_WALLPAPER.png'}",,DATACULTR,2024-04-17T05:51:43.084139,2024-04-17T05:51:43.084151,en,Test Automation Nudges_LW_052
566,nudge,DATACULTR,SDP566,1284,2,Test Automation_Nudges_LW_Description_2,"{'type': 'nudge', 'action': 'LW', 'url': 'https://cdn.wrtual.in/mihi/HCPH_WALLPAPER.png'}",,DATACULTR,2024-04-17T05:50:27.972122,2024-04-17T05:50:27.972134,en,Test Automation Nudges_LW_820
565,nudge,DATACULTR,SDP565,1283,2,Test Automation_Nudges_LW_Description_1,"{'type': 'nudge', 'action': 'LW', 'url': 'https://cdn.wrtual.in/mihi/HCPH_WALLPAPER.png'}",,DATACULTR,2024-04-17T05:50:25.972246,2024-04-17T05:50:25.972258,en,Test Automation Nudges_LW_567
564,nudge,DATACULTR,SDP564,1282,2,Test Automation_Nudges_LW_Description_2,"{'type': 'nudge', 'action': 'LW', 'url': 'https://cdn.wrtual.in/mihi/HCPH_WALLPAPER.png'}",,DATACULTR,2024-04-17T05:47:50.742581,2024-04-17T05:47:50.742593,en,Test Automation Nudges_LW_344
563,nudge,DATACULTR,SDP563,1281,2,Test Automation_Nudges_LW_Description_1,"{'type': 'nudge', 'action': 'LW', 'url': 'https://cdn.wrtual.in/mihi/HCPH_WALLPAPER.png'}",,DATACULTR,2024-04-17T05:47:49.112494,2024-04-17T05:47:49.112506,en,Test Automation Nudges_LW_543
562,nudge,DATACULTR,,1280,2,Test Automation_Nudges_LW_Description_2,"{'type': 'nudge', 'action': 'LW', 'url': 'https://cdn.wrtual.in/mihi/HCPH_WALLPAPER.png'}",,DATACULTR,2024-04-17T05:45:57.094636,2024-04-17T05:45:57.094649,en,Test Automation Nudges_LW_59
561,nudge,DATACULTR,,1279,2,Test Automation_Nudges_LW_Description_1,"{'type': 'nudge', 'action': 'LW', 'url': 'https://cdn.wrtual.in/mihi/HCPH_WALLPAPER.png'}",,DATACULTR,2024-04-17T05:45:55.397414,2024-04-17T05:45:55.397427,en,Test Automation Nudges_LW_91
560,nudge,DATACULTR,,1278,2,Test Automation_Nudges_LW_Description_2,"{'type': 'nudge', 'action': 'LW', 'url': 'https://cdn.wrtual.in/mihi/HCPH_WALLPAPER.png'}",,DATACULTR,2024-04-17T05:42:51.905527,2024-04-17T05:42:51.905541,en,Test Automation Nudges_LW_40
559,nudge,DATACULTR,,1277,2,Test Automation_Nudges_LW_Description_1,"{'type': 'nudge', 'action': 'LW', 'url': 'https://cdn.wrtual.in/mihi/HCPH_WALLPAPER.png'}",,DATACULTR,2024-04-17T05:42:50.120326,2024-04-17T05:42:50.120339,en,Test Automation Nudges_LW_04
558,nudge,DATACULTR,SDP558,1276,2,Test Loan Wallpaper Block,"{'type': 'nudge', 'action': 'LW', 'url': 'https://www.datacultr.com/'}",,DATACULTR,2024-04-17T04:21:26.168036,2024-04-17T04:21:26.168051,en,Test Loan Wallpaper Block
548,nudge,DATACULTR,SDP548,1264,2,Test Automation Call Barring Description,"{'type': 'nudge', 'action': 'OC'}",,DATACULTR,2024-04-05T11:35:15.064311,2024-04-05T11:35:15.064322,en,Test Automation Call Barring 
547,nudge,DATACULTR,SDP547,1263,2,Test Automation_Nudges_Description_1,"{'type': 'nudge', 'action': 'LW', 'url': 'https://cdn.wrtual.in/mihi/HCPH_WALLPAPER.png'}",,DATACULTR,2024-04-05T11:32:47.179272,2024-04-05T11:32:47.179283,en,Test Automation Nudges new 1
546,nudge,DATACULTR,SDP546,1262,2,Application Block-Nudge Test Description,"{'type': 'nudge', 'action': 'AB', 'pkg': ['com.google.android.youtube']}",,DATACULTR,2024-04-05T11:30:20.247319,2024-04-05T11:30:20.247331,en,Application Block-Nudge Test 1
545,nudge,DATACULTR,SDP545,1261,2,Test Automation Nudges 1 desc,"{'type': 'nudge', 'action': 'AB', 'pkg': ['com.google.android.youtube']}",,DATACULTR,2024-04-05T11:22:29.147734,2024-04-05T11:22:29.147746,en,Test Automation Nudges 1
544,nudge,DATACULTR,SDP544,1260,2,Application Block-Nudge Test Description,"{'type': 'nudge', 'action': 'AB', 'pkg': ['com.google.android.youtube']}",,DATACULTR,2024-04-05T10:02:23.136690,2024-04-05T10:02:23.136702,en,Application Block-Nudge Test
543,nudge,DATACULTR,SDP543,1259,2,Test Automation_Nudges_Description_1,"{'type': 'nudge', 'action': 'LW', 'url': 'https://cdn.wrtual.in/mihi/HCPH_WALLPAPER.png'}",,DATACULTR,2024-04-05T09:21:20.425459,2024-04-05T09:21:20.425472,en,Test Automation Nudges
542,nudge,DATACULTR,SDP542,1258,2,New Nudge Description,"{'type': 'nudge', 'action': 'LW', 'url': 'https://cdn.wrtual.in/mihi/HCPH_WALLPAPER.png'}",,DATACULTR,2024-04-05T09:08:05.551828,2024-04-05T09:08:05.551841,en,New Nudge 
540,nudge,DATACULTR,SDP540,1256,2,Loan Wallpaper Block- Test Automation Nudge test,"{'type': 'nudge', 'action': 'LW', 'url': 'https://cdn.wrtual.in/mihi/HCPH_WALLPAPER.png'}",,DATACULTR,2024-04-05T07:35:06.123952,2024-04-05T07:35:06.123965,en,Loan Wallpaper Block- Test Automation Nudge2
534,nudge,DATACULTR,SDP534,1250,2,Wallpaper restriction will be blocked!,"{'type': 'nudge', 'action': 'LW', 'url': 'https://cdn.wrtual.in/mihi/HCPH_WALLPAPER.png'}",,DATACULTR,2024-04-01T10:23:35.011357,2024-04-01T10:23:35.011369,en,Important Reminder
533,nudge,DATACULTR,SDP533,1249,2,Outgoing call will be blocked!,"{'type': 'nudge', 'action': 'OC'}",,DATACULTR,2024-04-01T10:21:44.388523,2024-04-01T10:21:44.388534,en,Call Barred
532,nudge,DATACULTR,SDP532,1248,2,This is a demo call barring nudge created for load mill POC.,"{'type': 'nudge', 'action': 'OC'}",,SHARAD_DC,2024-04-01T09:12:39.353242,2024-04-01T09:12:39.353254,en,Demo Call Barring Nudge
522,nudge,DATACULTR,SDP522,1238,2,Wallpaper Lock for the Device,"{'type': 'nudge', 'action': 'LW', 'url': 'www.google.com'}",,jyoti,2024-03-15T09:55:13.783879,2024-03-15T09:55:13.783893,en,Datacultr Loan Wallpaper
521,nudge,DATACULTR,SDP521,1237,2,loan wallpaper block,"{'type': 'nudge', 'action': 'LW', 'url': 'https://cdn.wrtual.in/mihi/datacultr_Wallpaper.png'}",,DATACULTR,2024-03-14T09:45:19.920058,2024-03-14T09:45:19.920071,en,Loan Wallpaper Block
520,nudge,DATACULTR,SDP520,1236,2,call barring,"{'type': 'nudge', 'action': 'OC'}",,DATACULTR,2024-03-14T09:42:28.696447,2024-03-14T09:42:28.696460,en,CALL BARRING
519,nudge,DATACULTR,SDP519,1235,2,application blocked,"{'type': 'nudge', 'action': 'AB', 'pkg': ['com.google.android.youtube']}",,datacultr123,2024-03-14T07:36:26.418389,2024-03-14T07:36:26.418401,en,APP BLOCKED
461,nudge,DATACULTR,SDP461,1175,2,This is a test,"{'type': 'nudge', 'action': 'LW', 'url': 'https://cdn.wrtual.in/mihi/datacultr_Wallpaper.png'}",,DC_Allison,2024-01-29T15:24:11.329956,2024-01-29T15:24:11.329969,en,LWB 10
460,nudge,DATACULTR,SDP460,1174,2,This is a test,"{'type': 'nudge', 'action': 'LW', 'url': 'https://cdn.wrtual.in/mihi/datacultr_Wallpaper.png'}",,DC_Allison,2024-01-29T08:39:52.264520,2024-01-29T08:39:52.264531,en,LWB 5
459,nudge,DATACULTR,SDP459,1173,2,This is a  test,"{'type': 'nudge', 'action': 'LW', 'url': 'https://cdn.wrtual.in/mihi/datacultr_Wallpaper.png'}",,DC_Allison,2024-01-29T08:22:51.010179,2024-01-29T08:22:51.010192,en,LWB 4
458,nudge,DATACULTR,SDP458,1175,2,This is a test,"{'type': 'nudge', 'action': 'OC'}",,DC_Allison,2024-01-23T13:47:00.175157,2024-01-23T13:47:00.175169,en,Call Barring V3
457,nudge,DATACULTR,SDP457,1174,2,This is a test,"{'type': 'nudge', 'action': 'AB', 'pkg': ['com.google.android.youtube']}",,DC_Allison,2024-01-23T13:35:51.430566,2024-01-23T13:35:51.430579,en,AB V3.1
456,nudge,DATACULTR,SDP456,1173,2,This is a sample nudge Test,"{'type': 'nudge', 'action': 'LW', 'url': 'https://cdn.wrtual.in/mihi/datacultr_Wallpaper.png'}",,DC_Allison,2024-01-23T13:21:27.776723,2024-01-23T13:21:27.776735,en,Nudge test CV3.3
454,nudge,DATACULTR,SDP454,1171,2,This is a test,"{'type': 'nudge', 'action': 'LW', 'url': 'https://cdn.wrtual.in/mihi/datacultr_Wallpaper.png'}",,DC_Allison,2024-01-23T08:53:32.313105,2024-01-23T08:53:32.313117,en,LWB V3.1
453,nudge,DATACULTR,SDP453,1170,2,This is a test,"{'type': 'nudge', 'action': 'LW', 'url': 'https://cdn.wrtual.in/mihi/datacultr_Wallpaper.png'}",,DC_Allison,2024-01-22T18:29:56.521007,2024-01-22T18:29:56.521020,en,Loan Wallpaper block V3
452,nudge,DATACULTR,SDP452,1169,2,This is a test,"{'type': 'nudge', 'action': 'LW', 'url': 'https://paytm.com/'}",,DC_Allison,2024-01-22T18:27:31.100427,2024-01-22T18:27:31.100441,en,Loan wallpaper V3
451,nudge,DATACULTR,SDP451,1168,2,sjjdud dijd djd,"{'type': 'nudge', 'action': 'OC'}",,DATACULTR,2024-01-22T10:30:59.569664,2024-01-22T10:30:59.569677,en,outgoing Bound
450,nudge,DATACULTR,SDP450,1167,2,Pay on tome,"{'type': 'nudge', 'action': 'AB', 'pkg': ['com.google.android.youtube', 'com.facebook.katana']}",,DATACULTR,2024-01-22T10:30:07.340601,2024-01-22T10:30:07.340615,en,Can't open the app.
449,nudge,DATACULTR,SDP449,1166,2,Wallpaper will be block.,"{'type': 'nudge', 'action': 'LW', 'url': 'https://cdn.wrtual.in/mihi/datacultr_Wallpaper.png'}",,DATACULTR,2024-01-22T10:03:24.339092,2024-01-22T10:03:24.339106,en,LW_V3
255,nudge,DATACULTR,SDP255,878,2,Block Social,"{'type': 'nudge', 'action': 'AB', 'pkg': ['com.facebook.katana', 'com.whatsapp', 'com.instagram.android', 'com.facebook.orca']}",,Medici_Satoshi,2023-01-09T20:51:43.228324,2023-01-09T20:51:43.228342,en,"Instagram, WhatsApp, FaceBook"
249,nudge,DATACULTR,SDP249,864,2,Call Barring,"{'type': 'nudge', 'action': 'OC'}",,NANDITA,2023-01-04T11:24:02.185226,2023-01-04T11:24:02.185255,en,Call Barring
242,nudge,DATACULTR,SDP242,856,2,"Blocking facebook, youtube","{'type': 'nudge', 'action': 'AB', 'pkg': ['com.facebook.lite', 'com.google.android.youtube']}",,DATACULTR,2022-12-22T12:36:37.710535,2022-12-22T12:36:37.710567,en,Application block - test
240,nudge,DATACULTR,SDP240,854,2,Msg,"{'type': 'nudge', 'action': 'AB', 'pkg': ['com.google.android.apps.messaging']}",,DATACULTR,2022-12-20T11:11:18.857828,2022-12-20T11:11:18.857851,en,MSG APP LOCK
224,nudge,DATACULTR,SDP224,836,2,The wallpaper will be blocked,"{'type': 'nudge', 'action': 'LW', 'url': 'https://cdn.wrtual.in/mihi/datacultr_Wallpaper.png'}",,DATACULTR,2022-11-28T07:45:01.435860,2022-11-28T07:45:01.435891,en,Wallpaper lock
217,nudge,DATACULTR,SDP217,821,2,Social Media App Block,"{'type': 'nudge', 'action': 'AB', 'pkg': ['com.facebook.katana']}",,DATACULTR,2022-11-20T15:04:55.775964,2022-11-20T15:04:55.775985,en,Social Media App Block
